Topic,Count,Name,Representation,Representative_Docs
-1,287,-1_phát_triển_vingroup_vinschool_hoạt_động,"['phát_triển', 'vingroup', 'vinschool', 'hoạt_động', 'bền_vững', 'cộng_đồng', 'mầm_non', 'tổ_chức', 'nhiều', 'xây_dựng']","['ưu_đãi khách_hàng sử_dụng sản_phẩm dịch_vụ hệ_thống thông_qua ứng_dụng vinid đối_với khách thuê tttm thường_xuyên tổ_chức sự_kiện quy_mô thu_hút khách tttm đối_với cư_dân khu đô_thị vinhomes thường_xuyên tổ_chức chương_trình cộng_đồng gắn_kết cư_dân kiến_tạo môi_trường sinh_hoạt văn_minh đường_dây_nóng chăm_sóc khách_hàng cộng_đồng địa_phương tiến_hành nghiên_cứu tác_động môi_trường cộng_đồng trước triển_khai dự_án thường_xuyên trao_đổi cơ_quan quản_lý địa_phương cải_thiện môi_trường sở_tại sẵn_sàng phối_hợp cơ_quan quản_lý đầu_tư phát_triển cơ_sở_hạ_tầng địa_phương mỗi địa_bàn hoạt_động tận_dụng nguồn nhân_lực tại_chỗ tạo công_ăn_việc_làm góp_phần cải_thiện kinh_tế địa_phương cơ_quan quản_lý tham_gia hội_nghị hội_thảo cơ_quan quản_lý tổ_chức tham_gia tổ_chức hiệp_hội diễn_đàn kinh_tế thế_giới hiệp_hội đầu_tư nước_ngoài tham_gia góp_ý dự_thảo chính_sách văn_bản luật người lao_động thông_tin chi_tiết xem chương phát_triển bền_vững mục đánh_giá giám_đốc mục_tiêu tăng_trưởng bền_vững', 'ưu_đãi khách_hàng sử_dụng sản_phẩm dịch_vụ hệ_thống thông_qua ứng_dụng vinid đối_với khách thuê tttm thường_xuyên tổ_chức sự_kiện quy_mô thu_hút khách tttm đối_với cư_dân khu đô_thị vinhomes thường_xuyên tổ_chức chương_trình cộng_đồng gắn_kết cư_dân kiến_tạo môi_trường sinh_hoạt văn_minh đường_dây_nóng chăm_sóc khách_hàng cộng_đồng địa_phương tiến_hành nghiên_cứu tác_động môi_trường cộng_đồng trước triển_khai dự_án thường_xuyên trao_đổi cơ_quan quản_lý địa_phương cải_thiện môi_trường sở_tại sẵn_sàng phối_hợp cơ_quan quản_lý đầu_tư phát_triển cơ_sở_hạ_tầng địa_phương mỗi địa_bàn hoạt_động tận_dụng nguồn nhân_lực tại_chỗ tạo công_ăn_việc_làm góp_phần cải_thiện kinh_tế địa_phương cơ_quan quản_lý tham_gia hội_nghị hội_thảo cơ_quan quản_lý tổ_chức tham_gia tổ_chức hiệp_hội diễn_đàn kinh_tế thế_giới hiệp_hội đầu_tư nước_ngoài tham_gia góp_ý dự_thảo chính_sách văn_bản luật người lao_động thông_tin chi_tiết xem chương phát_triển bền_vững mục đánh_giá giám_đốc mục_tiêu tăng_trưởng bền_vững', 'đối_với xã_hội đối_với người lao_động đối_với khách_hàng đối_với đối_tác phấn_đấu đạt thành_tích vượt_trội qua đóng_góp tích_cực vào công_cuộc xây_dựng đất_nước nâng cao hình_ảnh trên trường quốc_tế tích_cực tham_gia hoạt_động xã_hội từ_thiện giúp_đỡ người có hoàn_cảnh khó_khăn sống tư_duy tích_cực thể_hiện trình_độ văn_hóa cao qua góp_phần thúc_đẩy sự phát_triển văn_minh xã_hội tiết_kiệm tài_nguyên bảo_vệ môi_trường coi_trọng người lao_động như_là tài_sản quý_giá nhất hệ_thống xây_dựng môi_trường làm_việc chuyên_nghiệp năng_động sáng_tạo nhân_văn thực_hành chính_sách phúc_lợi ưu_việt tạo điều_kiện thu_nhập cao cơ_hội phát_triển công_bằng tất_cả cbnv tôn_trọng đề_cao tinh_thần hợp_tác cùng phát_triển giữ chữ tín cam_kết xây_dựng phát_triển quan_hệ hợp_tác bền_vững vingroup đặt chữ_tâm nền_tảng quan_trọng việc kinh_doanh lấy khách_hàng làm trung_tâm']"
0,701,0_khoản_chi_phí_phải_tài_sản,"['khoản', 'chi_phí', 'phải', 'tài_sản', 'cổ_phiếu', 'trả', 'số', 'đầu_tư', 'mua', 'hợp_đồng']","['giá phí_hợp nhất kinh_doanh bao_gồm giá_trị hợp_lý ngày diễn ra trao_đổi tài_sản đem trao_đổi khoản nợ phải trả phát_sinh thừa_nhận công_cụ vốn bên mua phát_hành đổi lấy quyền bên bị mua chi_phí liên_quan trực_tiếp việc hợp nhất kinh_doanh tài_sản nợ phải trả có_thể xác_định khoản nợ tiềm_tàng phải gánh_chịu hợp nhất kinh_doanh bên bị mua đều giá_trị hợp_lý ngày hợp nhất kinh_doanh trường_hợp trước ngày khoản đầu_tư liên_doanh liên_kết khoản đầu_tư tài_chính dài_hạn mẹ giao_dịch mua con đánh_giá giao_dịch đây giá_trị hợp_lý ngày đạt quyền phần chênh_lệch giữa giá_trị hợp_lý giá_trị ghi_sổ khoản đầu_tư vào kết_quả hoạt_động kinh_doanh hợp nhất', 'tài_sản nợ phải trả mua trình_bày cùng nhóm tài_sản nợ phải trả tương_tự trường_hợp trước ngày khoản đầu_tư liên_kết khoản đầu_tư tài_chính dài_hạn giao_dịch mua con không phải giao_dịch hợp nhất kinh tiến_hành phân_bổ giá_trị ghi_sổ khoản đầu_tư giá phí mua vào tài_sản nợ phải trả dựa trên giá_trị hợp_lý tương_ứng tài_sản nợ phải trả ngày mua thay_đổi tỷ_lệ lợi_ích con không mất quyền tỷ_lệ lợi_ích con thay_đổi chênh_lệch giữa giá phí giá_trị ghi_sổ phần lợi_ích thay_đổi tài_sản thuần vào lợi_nhuận sau thuế chưa phân_phối', 'giá_trị hợp_lý xác_định tạm_thời ngày mua điều_chỉnh giá_trị hợp_lý giá_trị hợp_lý sau điều_chỉnh tài_sản tiền khoản tương_đương tiền phải thu ngắn_hạn khách_hàng phải thu ngắn_hạn khác hàng tồn_kho tài_sản_cố_định hữu_hình tài_sản_cố_định vô_hình_nợ phải trả phải trả người bán thuế khoản phải nộp nhà_nước chi_phí phải trả ngắn_hạn phải trả dài_hạn phải trả ngắn_hạn khoản phải trả khác tổng tài_sản thuần lợi_ích không lợi_thế thương_mại hợp nhất kinh_doanh lãi giao_dịch mua rẻ số cuối số đầu tiền_mặt_tiền gửi ngân_hàng tiền chuyển khoản tương_đương tiền tổng_cộng đơn_vị tính số cuối số đầu giá gốc giá_trị hợp_lý giá gốc giá_trị hợp_lý quyền chọn nhận cổ_phần tổng_cộng số cuối số đầu tiền gửi ngân_hàng có kỳ_hạn trái_phiếu dài_hạn tổng_cộng đơn_vị tính vingroup cp vingroup cp tổng giá phí_hợp nhất kinh_doanh thanh_toán bằng tiền']"
1,394,1_vinhomes_vinpearl_vincom_vingroup,"['vinhomes', 'vinpearl', 'vincom', 'vingroup', 'thương_hiệu', 'giải_trí', 'bất_động_sản', 'quốc_tế', 'hệ_thống', 'nhất']","['đặc_biệt giới_thiệu mô_hình vincom_mega mall thế_hệ mới hướng tới trở_thành life-design mall_điểm sáng_tạo phong_cách sống hiện_đại năng_động cá_tính đặt mục_tiêu mỗi tttm không_chỉ nơi trải_nghiệm mua_sắm giải_trí mà_còn trở_thành điểm kết_nối cộng_đồng văn_hóa hoạt_động phong_phú xuyên suốt mỗi địa_phương vận_hành thành_công mô_hình du_lịch bán_lẻ grand world_phú_quốc trung_tâm giải_trí nghỉ_dưỡng phú_quốc united center tiến tới dự_án lớn mô_hình tương_tự nha_trang hạ long hải_phòng thành_phố du_lịch lớn du_lịch nghỉ_dưỡng vui_chơi giải_trí khẳng_định vị_thế số_một hướng tới mục_tiêu nằm top hệ_thống khách_sạn vui_chơi giải_trí hàng_đầu thế_giới danh_mục thương_hiệu sản_phẩm đa_dạng cùng dịch_vụ xuất_sắc lấy trải_nghiệm khách_hàng làm trung_tâm vui_chơi giải_trí mũi_nhọn khai_thác sâu_rộng tập khách_hàng golf phát_triển mảng ẩm_thực tập_trung tăng_trưởng khách nội_địa quay vinpearl trải_nghiệm tất_cả dịch_vụ tất_cả khách_sạn cơ_sở vui_chơi giải_trí trên hệ_thống quảng_bá điểm an_toàn kết_nối đối_tác thị_trường nước_ngoài nhanh_chóng đưa khách quốc_tế trở_lại thông_tin chi_tiết xem cổ_phần vincom retail', 'đồng_thời khai_trương thêm tòa khách_sạn thuộc khu nghỉ_dưỡng vinpearl resort nha_trang nâng tổng_số phòng lên niêm_yết trên sở giao_dịch chứng_khoán thành_phố hồ chí_minh mã cổ_phiếu vic trở_thành bất_động_sản_việt_nam đầu_tiên chọn đưa vào chỉ_số chứng_khoán russell global index doanh_nghiệp đầu_tiên phát_hành thành_công trái_phiếu chuyển_đổi trị_giá đô la_mỹ niêm_yết sở giao_dịch chứng_khoán singapore sgx st khai_trương dự_án vincom center đồng_khởi thành_phố hồ chí_minh mở bán căn_hộ cao_cấp dự_án phức_hợp vinhomes royal city khai_trương khu nghỉ_dưỡng trên sao vinpearl luxury nha_trang sân golf trên đảo đầu_tiên vinpearl golf club nha_trang khai_trương vinpearl đà_nẵng resort villas vinhomes ocean park chương giới_thiệu vingroup sáp_nhập cổ_phần vincom cổ_phần vinpearl thành vingroup cp nâng vốn_điều_lệ lên xấp_xỉ nghìn đồng ra_mắt thương_hiệu vinmec đưa vào hoạt_động bệnh_viện đa_khoa quốc_tế vinmec khu đô_thị vinhomes times city trở_thành sáng_lập diễn_đàn kinh_tế thế_giới wef gia_nhập lĩnh_vực giáo_dục thương_hiệu vinschool hợp_tác chiến_lược warburg pincus thu_hút đầu_tư đô la_mỹ vào vincom retail', 'vinhomes vinhomes ocean park thành_phố hồ chí_minh vinhomes golden river vinhomes grand park hưng_yên vinhomes ocean park hệ_thống vinhomes serviced residences đi vào vận_hành ơ_n á_o á_o ờn ê_n vinpearl hệ_thống khách_sạn khu du_lịch nghỉ_dưỡng_đẳng_cấp_bậc nhất vinpearl thương_hiệu hàng_đầu du_lịch nghỉ_dưỡng bao_gồm tổ_hợp khách_sạn biệt_thự biển đẳng_cấp sao quốc_tế khởi_đầu tổ_hợp vinpearl resort nha_trang sau phát_triển vinpearl sở_hữu quản_lý khai_thác vận_hành_khách_sạn khu nghỉ_dưỡng giải_trí sang_trọng trên khắp']"
2,319,2_vinfast_xe_công_nghệ_vf,"['vinfast', 'xe', 'công_nghệ', 'vf', 'sản_phẩm', 'điện', 'nghiên_cứu', 'ô_tô', 'ứng_dụng', 'thông_minh']","['đặc_biệt viện thuộc khối công_nghệ phối_hợp viện nghiên_cứu vinfast phát_triển công_nghệ xe tự lái tính_năng thông_tin giải_trí infotainment trên mẫu xe mới vinfast bao_gồm tính_năng có_thể tương_tác khu đô_thị thông_minh vinhomes hệ_thống tttm vincom_retail chuỗi dự_án nghỉ_dưỡng vinpearl hệ_thống y_tế vinmec tương_lai vinbigdata hướng mục_tiêu trở_thành đơn_vị dẫn_đầu thị_trường việc phát_triển sản_phẩm công_nghệ_cao ứng_dụng dữ_liệu lớn ai đồng_thời tiến vào thị_trường quốc_tế sản_phẩm ai dữ_liệu lớn phát_triển bởi người việt giúp doanh_nghiệp tự_động hóa quy_trình sản_xuất kinh_doanh nâng cao chất_lượng cuộc_sống con_người', 'đặc_biệt viện thuộc khối công_nghệ phối_hợp viện nghiên_cứu vinfast phát_triển công_nghệ xe tự lái tính_năng thông_tin giải_trí infotainment trên mẫu xe mới vinfast bao_gồm tính_năng có_thể tương_tác khu đô_thị thông_minh vinhomes hệ_thống tttm vincom_retail chuỗi dự_án nghỉ_dưỡng vinpearl hệ_thống y_tế vinmec tương_lai vinbigdata hướng mục_tiêu trở_thành đơn_vị dẫn_đầu thị_trường top khu_vực việc phát_triển sản_phẩm công_nghệ_cao ứng_dụng dữ_liệu lớn ai đồng_thời tiến vào thị_trường quốc_tế sản_phẩm ai dữ_liệu lớn phát_triển bởi người việt giúp doanh_nghiệp tự_động hóa quy_trình sản_xuất kinh_doanh nâng cao chất_lượng cuộc_sống con_người', 'tính tới cuối tháng vinfast giới_thiệu tám mẫu ô_tô điện bao_gồm mẫu xe ý_tưởng dòng bán_tải điện cùng_với mẫu xe_buýt điện xe_máy điện xe_đạp điện sáu mẫu xe ô_tô điện vf vf vf e_< vf vf vf bàn_giao khách_hàng ha nghìn robot công_suất tối_đa sau hoàn_thành giai_đoạn thực_hiện mục_tiêu trở_thành xe_điện thông_minh hàng_đầu thế_giới vinfast tự xây_dựng mạng_lưới khối trung_tâm viện nghiên_cứu công_nghệ phát_triển sản_phẩm bao_gồm khối phát_triển xe ô_tô điện khối điện_điện_tử dịch_vụ thông_minh viện công_nghệ xe_máy đơn_vị khác đồng_thời tự_chủ công_nghệ pin_cấu_phần quan_trọng xe_điện làm chủ_chuỗi sản_xuất gia_tăng lợi_thế cạnh_tranh trên thị_trường thông_qua việc nhận sáp_nhập cổ_phần giải_pháp năng_lượng vines']"
3,199,3_môi_trường_năng_lượng_xử_lý_sử_dụng,"['môi_trường', 'năng_lượng', 'xử_lý', 'sử_dụng', 'nước', 'tiết_kiệm', 'hệ_thống', 'nước_thải', 'thải', 'chất_thải']","['đặt yếu_tố môi_trường xã_hội quản_trị làm trọng_tâm môi_trường hoạt_động vận_hành vingroup chú_trọng vào việc nâng cao nhận_thức cbnv bảo_vệ môi_trường bảo_tồn môi_trường ứng_phó biến_đổi khí_hậu hệ_thống xử_lý chất_thải tòa nhà vingroup đảm_bảo giảm_thiểu tiêu_thụ năng_lượng tài_nguyên thiên_nhiên qua góp_phần giảm_thiểu cường_độ phát thải khí nhà_kính vừa_qua không có bất_cứ trường_hợp nào bị xử_phạt lĩnh_vực bảo_vệ môi_trường cơ_quan quản_lý_nhà_nước quản_lý hạn_chế phát_sinh khí_thải rác_thải lĩnh_vực công_nghiệp vinfast bộ tài_nguyên môi_trường tnmt cấp giấy_phép môi_trường số gpmt-btnmt ngày tháng thời_hạn bảy đối_với công_trình xử_lý môi_trường tổ_hợp nhà_máy sản_xuất vinfast hải_phòng', 'dữ_liệu tính_toán khí nhà_kính vinfast chỉ bao_gồm phần phát thải nhà_máy sản_xuất vinfast ctcp sản_xuất kinh_doanh vinfast nước vinfast tái sử_dụng hệ_thống xử_lý nước_thải vingroup vingroup >_chương mặc_dù lượng dầu diesel dầu sử_dụng tăng lần so lượng tiêu_thụ xăng điện giảm đi đáng_kể cộng việc vận_hành rò_rỉ hệ_thống điều hòa làm mát tốt nên tổng_lượng khí nhà_kính phát thải gồm cả phạm_vi vinfast giảm so lĩnh_vực bất_động_sản vinhomes triển_khai nhiều giải_pháp tiết_kiệm điện_năng hoạt_động xây_dựng vận_hành vinhomes luôn đề_cao việc tiết_kiệm năng_lượng ưu_tiên hàng_đầu lồng_ghép vào chiến_lược quản_lý môi_trường hàng', 'đối_với tiêu_thụ điện vinpearl lên phương_án lắp_đặt giải_pháp xử_lý nước tháp giải_nhiệt bằng công_nghệ_điện từ_trường e_water nâng cao hiệu_suất thiết_bị lạnh giảm chi_phí vận_hành tiết_kiệm năng_lượng giảm hóa chất_thải ra môi_trường bên cạnh vinpearl còn thực_hiện chuyển_đổi khóa phòng sang khóa có gắn chip tiết_kiệm điện_năng khách ra khỏi phòng tổng_lượng phát thải khí nhà_kính vincom retail giảm nhẹ so việc vận_hành bảo_trì bảo_dưỡng hệ_thống làm mát điều hòa tốt vincom_retail tiến_hành lắp_đặt hệ_thống tấm pin năng_lượng mặt_trời trên tòa nhà tttm giúp cung_cấp phần điện_năng hoạt_động tttm cũng giúp bù_đắp lượng khí nhà_kính tính tco phát thải hàng ra ngoài môi_trường']"
4,161,4_đào_tạo_chương_trình_đại_học_vinuni,"['đào_tạo', 'chương_trình', 'đại_học', 'vinuni', 'trường', 'vinschool', 'phát_triển', 'khoa_học', 'giáo_dục', 'sinh_viên']","['á_o á_o ờn ê_n ơ_n trường đại_học vinuniversity trường đại_học vinuni vinuni vingroup khởi_công xây_dựng vào chính_thức khai_giảng năm_học đầu_tiên vào cuối vinuni trường đại_học tinh_hoa tư_thục không lợi_nhuận khát_vọng đào_tạo nhân_tài tương_lai đóng_góp đất_nước đại_học xuất_sắc mang đẳng_cấp thế_giới vinuni đào_tạo bốn nhóm ngành chính kinh_doanh quản_trị kỹ_thuật khoa_học máy_tính khoa_học sức_khỏe khoa_học_xã_hội cấp đại_học thạc_sĩ tiến_sĩ tính vinuni ký thỏa_thuận hợp_tác chiến_lược trường đại_học thuộc top thế_giới bảng xếp_hạng qs xây_dựng cao nhất nghiên_cứu giảng_dạy việc_làm triển_vọng quốc_tế', 'vinuni thu_hút sáu giáo_sư xuất_sắc nằm top giáo_sư trích_dẫn nhiều nhất thế_giới hợp_tác quốc_tế vinuni triển_khai ký_kết hợp_tác trường đại_học xuất_sắc đem cơ_hội trao_đổi học_tập nước_ngoài sinh_viên đặc_biệt chương_trình đào_tạo bằng kép cử_nhân thạc_sĩ thạc_sĩ tiến_sĩ trường đại_học hàng_đầu thế_giới chương_trình tất_cả chương_trình đào_tạo vinuni đều xác_thực chất_lượng bởi đại_học cornell đại_học pennsylvania thiết_kế triết_lý giáo_dục toàn_diện nghiên_cứu vinuni tập_trung vào nghiên_cứu mang tính liên_ngành thúc_đẩy đột_phá công_nghệ phát_minh sáng_chế có tiềm_năng tạo ra tác_động tích_cực đáng_kể cuộc_sống', 'khát_vọng trường đại_học vinuni tạo ra đột_phá chất_lượng giáo_dục đại_học hướng tới đạt đẳng_cấp thế_giới trường đại_học vinuni phát_triển chuyên_ngành giáo_dục đào_tạo lĩnh_vực trọng_điểm kinh_doanh quản_trị khoa_học sức_khỏe kỹ_thuật khoa_học máy_tính sự hợp_tác đại_học hàng_đầu thế_giới tất_cả chương_trình đào_tạo vinuni đều đạt tiêu_chuẩn kiểm_định chất_lượng quốc_tế năm_học vinschool trường đại_học vinuni công_bố chương_trình học_bổng liên_thông lộ_trình dài_hạn thpt lên tới bậc đại_học dành học_sinh xuất_sắc khối trên toàn_quốc đây chương_trình học_bổng mỗi năm_học cấp tối_đa suất học_bổng toàn_phần_ba năm_học thpt vinschool tối_đa suất học_bổng giá_trị học_phí vinuni']"
5,113,5_rủi_ro_quy_định_tuân_thủ_thực_hiện,"['rủi_ro', 'quy_định', 'tuân_thủ', 'thực_hiện', 'có', 'bất_kỳ', 'nào', 'giao_dịch', 'qtrr', 'việc']","['nhận_diện rủi_ro phân_tích rủi_ro đánh_giá thứ_tự ưu_tiên rủi_ro xử_lý rủi_ro truyền_thông tham_vấn rủi_ro giám_sát rủi_ro giám_sát rủi_ro liên_tục soát_xét đảm_bảo tính phù_hợp hiệu_quả chương_trình qtrr mục_tiêu cải_tiến liên_tục hoạt_động qtrr đảm_bảo hiệu_quả hoạt_động qtrr giám_sát tiến_độ hiệu_quả chiến_lược xử_lý rủi_ro dự_báo phản_ứng sự_kiện rủi_ro nếu xảy ra xác_định nguyên_nhân gốc_rễ có_thể quản_lý tốt tương_lai truyền_thông tham_vấn rủi_ro tổ_chức hoạt_động truyền_thông đào_tạo nâng cao nhận_thức hiểu_biết cbnv rủi_ro quy_trình qtrr trưng_cầu cân_nhắc ý_kiến bên liên_quan đảm_bảo mỗi bên liên_quan đều nhận_thức đầy_đủ vai_trò trách_nhiệm qtrr rủi_ro kinh_tế vĩ_mô yếu_tố quan_trọng nền kinh_tế tốc_độ tăng_trưởng lạm_phát tăng_trưởng tín_dụng tỷ_giá chỉ_số giá tiêu_dùng tỷ_lệ tiết_kiệm đầu_tư hay tỷ_lệ thất_nghiệp đều có ảnh_hưởng hoạt_động kết_quả kinh_doanh vingroup', 'cán_bộ tuân_thủ_chương phát_triển bền_vững vingroup cp cán_bộ nhân_viên vingroup ngay biết bất_kỳ việc vi_phạm có khả_năng vi_phạm bất_kỳ nghĩa_vụ tuân_thủ biện_pháp trừng_phạt bất_kỳ luật trừng_phạt nào áp_dụng đối_với vingroup phải lập_tức cán_bộ tuân_thủ có liên_quan có biện_pháp xử_lý phù_hợp kịp_thời trường_hợp bất_kỳ hợp_đồng nào ký_kết bởi vingroup có hiệu_lực mà có thay_đổi quy_định luật trừng_phạt xảy ra sự_kiện thay_đổi quyền đối_với đối_tác hợp_đồng dẫn việc tiếp_tục thực_hiện hợp_đồng vi_phạm nghĩa_vụ tuân_thủ biện_pháp trừng_phạt luật trừng_phạt bộ_phận đầu_mối phụ_trách việc theo_dõi thực_hiện hợp_đồng phải ngay_lập_tức thông_báo cán_bộ tuân_thủ cán_bộ tuân_thủ có trách_nhiệm kiểm_tra hợp_đồng tình_huống cụ_thể tư_vấn hướng xử_lý phù_hợp', 'đánh_giá rủi_ro lập kế_hoạch nhận_diện đánh_giá quản_lý rủi_ro tiềm_ẩn xây_dựng biện_pháp hạn_chế rủi_ro hạn_chế thất_thoát tài_sản lập kế_hoạch ktnb kiểm_tra tính tuân_thủ quy_định pháp_luật tính phù_hợp đánh_giá hệ_thống nội_bộ kiểm_tra đánh_giá con việc tuân_thủ quy_định pháp_luật quy_trình quy_định chính_sách nội_bộ thông_qua thực_hiện cuộc kiểm_tra định_kỳ đột_xuất yêu_cầu lãnh_đạo bên cạnh việc tuân_thủ quy_định công_bố thông_tin con niêm_yết quy_định pháp_luật qua đánh_giá mức_độ hiệu_quả hiệu_lực hệ_thống nội_bộ liên_quan tới khả_năng phát_hiện kịp_thời ngăn_ngừa xử_lý rủi_ro quá_trình vận_hành hoạt_động đưa ra kiến_nghị cải_thiện']"
6,158,6_quản_trị_vingroup_hóa_hoạt_động,"['quản_trị', 'vingroup', 'hóa', 'hoạt_động', 'hiệu_quả', 'nguyên_tắc', 'nhân_sự', 'phát_triển', 'cao', 'mô_hình']","['cùng chú_trọng việc ứng_dụng chuyển_đổi số quản_trị tất_cả p_l nâng cao hiệu_quả chất_lượng quản_trị góp_phần thúc_đẩy mục_tiêu chung đơn_giản hóa tinh_gọn bộ_máy tổ_chức hạt_nhân hóa đề_cao vai_trò vô_cùng quan_trọng yếu_tố con_người đặc_biệt người lãnh_đạo hệ_thống phát_triển bền_vững chọn_lọc cán_bộ xuất_sắc lớp kế_thừa có tiềm_năng đầu_tư đào_tạo chuyên_môn cũng lãnh_đạo đưa ra thử_thách cblđ lãnh_đạo tiềm_năng cơ_chế đãi_ngộ gắn liền kết_quả công_việc vingroup đẩy_mạnh công_tác quản_trị định_hướng chuẩn_hóa quy_trình tiêu_chuẩn tiếp_tục tinh_gọn bộ_máy đơn_giản hóa tăng năng_suất hướng tới mục_tiêu tự_động hóa công_đoạn thực_hiẹ tăng_cường ứng_dụng công_nghệ kỹ_thuật tạo ra đột_phá mới', 'bên cạnh việc hiệu_quả hóa nhắm tới mục_tiêu tăng doanh_thu tối_ưu_hóa chi_phí tăng_giá_trị lâu_dài tiếp_tục bốn định_hướng quản_trị sau vingroup xác_định rõ mô_hình hoạt_động quản_trị mô_hình holding company từng p_l ngày_càng độc_lập vingroup kiên_trì phát_triển hướng vingroup tập_trung phát_triển cả chiều rộng chiều sâu hạt_nhân hóa nguyên_tắc tập_trung phát_triển yếu_tố con_người hệ_thống đảm_bảo sự phát_triển bền_vững lâu_dài chuẩn hóa đơn_giản_hóa tự_động hóa hiệu_quả hóa đề_cao tính hiệu_quả đẩy_mạnh áp_dụng nguyên_tắc hóa quản_trị đồng_thời đẩy_mạnh bán hàng marketing khai_thác hiệu_quả tối_ưu tập_trung phát_triển cán_bộ nguồn ưu_tiên đào_tạo nội_bộ đánh_dấu thay_đổi mạnh_mẽ', 'công_tác quản_trị nguyên_tắc quản_trị hóa công_tác đào_tạo tuyển_dụng nhân_sự hạt_nhân hóa chuẩn hóa đơn_giản hóa công_tác quản_trị nội_bộ đẩy_mạnh phân_cấp phân_quyền cán_bộ lãnh_đạo cblđ cấp điều_hành quản_lý tiếp_tục cải_tổ mô_hình quản_trị quản_trị tập_trung sang hình_thức quản_trị lĩnh_vực kinh_doanh mô_hình con cơ_sở kinh_doanh trung_tâm lợi_nhuận độc_lập còn mẹ vingroup cp nắm vai_trò lập chiến_lược đánh_giá quản_trị con mô_hình quản_trị thành_quả quá_trình chắt_lọc kiến_thức đơn_vị tư_vấn hàng_đầu mckinsey bcg pwc ernst_young thay_đổi điều_chỉnh nội_bộ tìm mô_hình phù_hợp nhất đối_với lĩnh_vực kinh_doanh đa_dạng văn_hóa doanh_nghiệp vingroup']"
7,105,7_tăng_trưởng_kinh_tế_thị_trường_mức,"['tăng_trưởng', 'kinh_tế', 'thị_trường', 'mức', 'tăng', 'dự_báo', 'so', 'ô_tô', 'đạt', 'xe']","['phân_khúc thấp_tầng nguồn cung cải_thiện nhẹ so nguồn cung thành_phố hồ chí_minh đạt mức thấp nhất kể nhờ vậy giá bán trung_bình cả thị_trường căn_hộ thấp_tầng hai thành_phố lớn đều mức tăng_trưởng khả_quan thị_trường bất_động_sản bán_lẻ sau đợt giãn cách xã_hội trên toàn_quốc thị_trường bán_lẻ tín_hiệu hồi_phục tích_cực tháng cuối iv chứng_kiến mức tăng_trưởng tổng mức bán_lẻ hàng hóa doanh_thu dịch_vụ tiêu_dùng thấy nhu_cầu tiêu_dùng người_dân kinh_tế tăng_trưởng cpi tăng doanh_số xe ô_tô điện toàn_cầu xe nghìn căn_hộ giao_dịch thành_công diện_tích sàn bán_lẻ gia_tăng trở_lại', 'tuy_nhiên mức tăng_trưởng vẫn thấp mức trung_bình giai_đoạn phản_ánh tác_động kéo_dài cú sốc kinh_tế trước sự suy_giảm động_lực tăng_trưởng dài_hạn nền kinh_tế phát_triển tăng_trưởng dự_kiến đạt nhờ vào sức_mạnh kinh_tế mỹ khu_vực đồng euro nhật_bản chỉ mức phục_hồi khiêm_tốn nền kinh_tế mới nổi phát_triển dự_báo tăng tăng_trưởng trung_quốc tiếp_tục suy_giảm tiêu_dùng yếu khó_khăn lĩnh_vực bất_động_sản quỹ tiền_tệ quốc_tế imf có cái nhìn tích_cực dự_báo tăng_trưởng kinh_tế thế_giới đạt khoảng xu_hướng giảm_phát tiếp_tục tiến_triển lạc_quan', 'dự_báo tăng_trưởng kinh_tế mục_tiêu tăng_trưởng kinh_tế num_> chính_phủ dự_báo tăng_trưởng kinh_tế nước asean á_o á_o ờn ê_n ơ_n lĩnh_vực kinh_doanh có tiềm_năng lớn tăng_trưởng phát_triển bền_vững dài_hạn pwc dự_kiến tiêu_dùng lớn nhất trên toàn_cầu dung_lượng thị_trường tăng so có khoảng người tiêu_dùng sự tăng_trưởng kinh_tế đồng_thời sự phát_triển tầng_lớp trung_lưu dự_báo diễn ra mạnh_mẽ làm_nên phần quan_trọng việc thúc_đẩy sự phát_triển kinh_tế']"
8,76,8_vinmec_bệnh_viện_quốc_tế_đa_khoa,"['vinmec', 'bệnh_viện', 'quốc_tế', 'đa_khoa', 'y_tế', 'điều_trị', 'hệ_thống', 'city', 'times', 'chất_lượng']","['chăm_sóc bằng tài_năng y_đức sự thấu_cảm bệnh_viện đạt chuẩn joint commission_international jci bệnh_viện vinmec times city vinmec central_park tphcm đạt chuẩn jci_bộ tiêu_chuẩn khắt_khe nhất an_toàn chất_lượng bệnh_viện bệnh_viện vinmec cần thơ đưa vào hoạt_động vào tháng bệnh_viện đa_khoa quốc_tế vinmec times city bệnh_viện đa_khoa quốc_tế vinmec central park bệnh_viện đa_khoa vinmec nha_trang bệnh_viện đa_khoa vinmec đà_nẵng bệnh_viện đa_khoa vinmec hải_phòng bệnh_viện đa_khoa vinmec hạ long bệnh_viện đa_khoa vinmec_phú_quốc hệ_thống y_tế vinmec bệnh_viện đa_khoa vinmec smart city bệnh_viện đa_khoa vinmec cần thơ phòng_khám quốc_tế vinmec royal city phòng_khám đa_khoa quốc_tế vinmec times city phòng_khám đa_khoa quốc_tế vinmec sài gòn phòng_khám đa_khoa dương_đông phòng_khám đa_khoa vinmec ocean park á_o á_o ờn ê_n ơ_n vinschool hệ_thống trường liên_cấp chất_lượng cao_vinschool thành_lập vào hệ_thống giáo_dục vingroup đầu_tư phát_triển mầm_non trung_học_phổ_thông mục_tiêu xây_dựng ngôi trường mang đẳng_cấp giáo_dục quốc_tế nơi ươm mầm tinh_hoa', 'hệ_thống y_tế vinmec bệnh_viện đa_khoa quốc_tế vinmec times city bệnh_viện đa_khoa quốc_tế vinmec central park bệnh_viện đa_khoa quốc_tế vinmec nha_trang bệnh_viện đa_khoa quốc_tế vinmec đà_nẵng bệnh_viện đa_khoa quốc_tế vinmec hải_phòng bệnh_viện đa_khoa quốc_tế vinmec hạ long bệnh_viện đa_khoa quốc_tế vinmec_phú quốc_phòng_khám quốc_tế vinmec royal city phòng_khám đa_khoa quốc_tế vinmec times city phòng_khám đa_khoa quốc_tế vinmec sài gòn phòng_khám đa_khoa quốc_tế dương đông_vinmec phát_triển nhanh_chóng cả quy_mô lẫn chất_lượng điều_trị dịch_vụ có hệ_thống cơ_sở vật_chất vượt_trội chất_lượng dịch_vụ sao đội_ngũ chuyên_gia bác_sĩ đầu ngành tiên_phong xây_dựng trung_tâm xuất_sắc coe lĩnh_vực y_tế trọng_điểm mục_tiêu trở_thành hệ_thống y_khoa hàn_lâm trở_thành tổ_chức y_tế mang giá_trị cao nhất người_bệnh', 'hệ_thống y_tế vinmec bệnh_viện đa_khoa quốc_tế vinmec times city bệnh_viện đa_khoa quốc_tế vinmec hạ_long quảng_ninh bệnh_viện đa_khoa quốc_tế vinmec hải_phòng bệnh_viện đa_khoa quốc_tế vinmec đà_nẵng bệnh_viện đa_khoa quốc_tế vinmec nha_trang bệnh_viện đa_khoa quốc_tế vinmec central_park thành_phố hồ chí_minh bệnh_viện đa_khoa quốc_tế vinmec_phú quốc_phòng_khám quốc_tế vinmec royal city phòng_khám quốc_tế vinmec times city phòng_khám quốc_tế vinmec sài_gòn bệnh_viện đa_khoa quốc_tế phòng_khám quốc_tế giường_bệnh đội_ngũ giáo_sư y_bác_sĩ đầu ngành hệ_thống trang_thiết_bị y_tế tân_tiến hiện_đại đạt chuẩn quốc_tế vinmec hướng tới mục_tiêu trở_thành hệ_thống chăm_sóc sức_khỏe hàng_đầu dẫn_đầu ứng_dụng công_nghệ kỹ_thuật cao chăm_sóc sức_khỏe tiệm_cận quốc_gia phát_triển khu_vực trên thế_giới']"
9,53,9_phó_đại_học_độc_lập_bầu,"['phó', 'đại_học', 'độc_lập', 'bầu', 'cử_nhân', 'tốt_nghiệp', 'kiêm', 'giám_đốc', 'bằng', 'nguyễn_diệu_linh']","['nguyễn_diệu_linh tốt_nghiệp đại_học bằng cử_nhân ngoại_ngữ pháp_văn văn cũng tốt_nghiệp đại_học khoa_học_xã_hội nhân_văn bằng cử_nhân luật nguyễn_diệu_linh hiện cổ_phần vinhomes phó kiêm người ủy quyền công_bố thông_tin nguyễn_việt_quang nguyễn_việt_quang bầu vào bổ_nhiệm giữ chức_vụ tgđ tháng trước gia_nhập vingroup vào kiêm trưởng tnhh y_cao nguyễn_việt_quang tốt_nghiệp đại_học kinh_tế quốc_dân bằng cử_nhân quản_trị kinh_doanh phó kiêm park woncheol park woncheol bầu làm hiện giám_đốc phụ_trách phòng phát_triển lĩnh_vực sk south east asia investment pte ltd', 'nguyễn_diệu_linh tốt_nghiệp đại_học bằng cử_nhân ngoại_ngữ pháp_văn văn cũng tốt_nghiệp đại_học khoa_học_xã_hội nhân_văn bằng cử_nhân luật nguyễn_diệu_linh hiện cổ_phần vinhomes nguyễn_việt_quang bầu vào bổ_nhiệm giữ chức_vụ tgđ tháng trước gia_nhập vingroup vào thành nguyễn_việt_quang phó kiêm kiêm trưởng tnhh y_cao nguyễn_việt_quang tốt_nghiệp đại_học kinh_tế quốc_dân bằng cử_nhân quản_trị kinh_doanh chin michael jaewuk bầu làm độc_lập ngày_tháng hiện shareable asset', 'nguyễn_diệu_linh tốt_nghiệp đại_học bằng cử_nhân ngoại_ngữ pháp_văn văn cũng tốt_nghiệp đại_học khoa_học_xã_hội nhân_văn bằng cử_nhân luật nguyễn_diệu_linh hiện cổ_phần vinhomes nguyễn_diệu_linh phó kiêm người ủy quyền công_bố thông_tin nguyễn_việt_quang bầu vào bổ_nhiệm giữ chức_vụ tgđ tháng trước gia_nhập vingroup vào kiêm trưởng tnhh y_cao nguyễn_việt_quang tốt_nghiệp đại_học kinh_tế quốc_dân bằng cử_nhân quản_trị kinh_doanh nguyễn_việt_quang phó kiêm chun chae rhan bầu làm']"
10,34,10_nghèo_tài_trợ_quỹ_thiện_tâm_tỉnh,"['nghèo', 'tài_trợ', 'quỹ_thiện_tâm', 'tỉnh', 'khó_khăn', 'quỹ', 'hỗ_trợ', 'người', 'học_sinh', 'bệnh']","['cũng quỹ_thiện_tâm tiếp_tục thực_hiện hỗ_trợ hàng tháng đối_với gần trường_hợp cá_nhân gia_đình có hoàn_cảnh khó_khăn tài_trợ thường_xuyên suất ăn miễn_phí bệnh_nhân nghèo bệnh_viện lớn hỗ_trợ chi_phí hàng tháng ngôi chùa khó_khăn nuôi_dưỡng trẻ mồ_côi địa_phương cả nước quỹ cũng tài_trợ chi_phí sinh_hoạt học_phí em học_sinh sinh_viên hoàn_cảnh nghèo có thành_tích học_tập tốt phụng_dưỡng hàng tháng mẹ anh_hùng cựu thanh_niên xung_phong đơn_thân không nơi nương_tựa tỉnh thành_phố trên toàn_quốc tất_cả trường_hợp đều quỹ_thiện_tâm thường_xuyên liên_lạc thăm_hỏi động_viên chia_sẻ hỗ_trợ kịp_thời chu_đáo tận_tay từng người', 'quỹ_thiện_tâm tiếp_tục triển_khai chương_trình xây tặng căn nhà_tình_nghĩa nhà tình_thương nhà vượt lũ xây_dựng trường_học nhà bán_trú học_sinh huyện vùng_cao biên_giới phụng_dưỡng mẹ anh_hùng tài_trợ chương_trình khám_chữa bệnh từ_thiện khám sàng_lọc xây_dựng trùng_tu công_trình văn_hóa hoạt_động tài_trợ giáo_dục khuyến_học trung_tâm từ_thiện hướng_nghiệp phật_tích tỉnh bắc_ninh quỹ_thiện_tâm thành_lập bảo_trợ nơi nuôi_dưỡng chăm_sóc giáo_dục trẻ mồ_côi cụ_già đơn_thân không nơi nương_tựa', 'quỹ thiện_tâm tài_trợ khám_chữa bệnh người nghèo đối_tượng chính_sách trao học_bổng học_sinh nghèo hiếu_học quỹ_thiện_tâm tiếp_tục dành ngân_sách tài_trợ lĩnh_vực y_tế tầm_soát xây_dựng mô_hình quản_lý bệnh không lây_nhiễm cộng_đồng kinh_phí tầm_soát người mang gen bệnh tan máu bẩm_sinh quỹ cũng tài_trợ toàn_bộ chi_phí phẫu_thuật thay thủy tinh_thể tặng kính mắt miễn_phí người nghèo cao_tuổi học_sinh có hoàn_cảnh khó_khăn giảm tỷ_lệ mù_loà tăng sức_lao_động giảm gánh nặng gia_đình xã_hội đồng_thời quỹ_thiện_tâm hỗ_trợ kinh_phí hoạt_động nghìn cô đỡ thôn_bản chi_phí đào_tạo chuyên_khoa bác_sĩ tỉnh vùng_cao góp_phần đẩy_mạnh công_tác chăm_sóc sức_khỏe người_dân ít có cơ_hội tiếp_cận dịch_vụ y_tế cơ_bản']"
11,22,11_vingroup_cbnv_màu_dám,"['vingroup', 'cbnv', 'màu', 'dám', 'luôn', 'thể_hiện', 'biểu_tượng', 'làm', 'phát_triển', 'đẳng_cấp']","['luôn lắng_nghe luôn sáng_tạo dám nghĩ dám làm luôn có động_lực thay_đổi kiến_tạo cơ_hội hợp_tác thành_công chính gì vingroup tiếp_tục thực_hiện kim_chỉ sự phát_triển biểu_tượng vingroup phát_triển hình_ảnh cánh chim bay phía mặt_trời thể_hiện khát_vọng bay cao vươn thành_công rực_rỡ hình_cánh chim sải_cánh chữ biểu_trưng tên gọi niềm tự_hào dân_tộc đồng_thời đây cũng biểu_tượng chiến_thắng victory ngôi_sao thể_hiện đẳng_cấp sao tiêu_chí tôn_chỉ đẳng_cấp vingroup hai màu đỏ vàng thể_hiện niềm tự_hào bản_sắc bản_lĩnh trí_tuệ hai màu biểu_tượng màu quốc_kỳ', 'tư_tưởng khởi_nghiệp chọn làm nền_tảng sự phát_triển vingroup doanh_nghiệp có bề_dày lịch_sử hình_thành phát_triển luôn lắng_nghe luôn sáng_tạo dám nghĩ dám làm luôn có động_lực thay_đổi kiến_tạo cơ_hội hợp_tác thành_công chính gì vingroup tiếp_tục thực_hiện kim_chỉ sự phát_triển biểu_tượng vingroup phát_triển hình_ảnh cánh chim bay phía mặt_trời thể_hiện khát_vọng bay cao vươn thành_công rực_rỡ hình_cánh chim sải_cánh chữ biểu_trưng tên gọi niềm tự_hào dân_tộc đồng_thời đây cũng biểu_tượng chiến_thắng victory ngôi_sao thể_hiện đẳng_cấp sao tiêu_chí tôn_chỉ đẳng_cấp vingroup hai màu đỏ vàng thể_hiện niềm tự_hào bản_sắc bản_lĩnh trí_tuệ hai màu biểu_tượng màu quốc_kỳ', 'mãi_mãi tinh_thần khởi_nghiệp tư_tưởng khởi_nghiệp chọn làm nền_tảng sự phát_triển vingroup doanh_nghiệp có bề_dày lịch_sử hình_thành phát_triển luôn lắng_nghe luôn sáng_tạo dám nghĩ dám làm luôn có động_lực thay_đổi kiến_tạo cơ_hội hợp_tác thành_công chính gì vingroup tiếp_tục thực_hiện kim_chỉ sự phát_triển biểu_tượng vingroup phát_triển hình_ảnh cánh chim bay phía mặt_trời thể_hiện khát_vọng bay cao vươn thành_công rực_rỡ hình_cánh chim sải_cánh chữ biểu_trưng tên gọi niềm tự_hào dân_tộc đồng_thời đây cũng biểu_tượng chiến_thắng victory ngôi_sao thể_hiện đẳng_cấp sao tiêu_chí tôn_chỉ đẳng_cấp vingroup hai màu đỏ vàng thể_hiện niềm tự_hào bản_sắc bản_lĩnh trí_tuệ hai màu biểu_tượng màu quốc_kỳ']"
